<metadata><idinfo><citation><citeinfo><origin>Alberta Environment and Parks, Government of Alberta</origin><pubdate>201303</pubdate><title>Sharp-tailed Grouse Survey</title><geoform Sync="TRUE">vector digital data</geoform><pubinfo><pubplace>Edmonton, Alberta</pubplace><publish>Alberta Environment and Parks, Government of Alberta</publish></pubinfo><ftname Sync="TRUE">Sharp_tailed_Grouse_Survey</ftname><onlink>https://extranet.gov.ab.ca/srd/geodiscover/srd_pub/LAT/FWDSensitivity/Sharp-tailedGrouseSurvey.zip</onlink></citeinfo></citation><descript><abstract>This dataset is produced for the Government of Alberta and is available to the general public. Please consult the Distribution Information of this metadata for the appropriate contact to acquire this dataset. 
Sharp-tailed Grouse (Tympanuchus phasianellus) require open spaces for displaying, and areas of grass and low shrubs for nesting and brood rearing.  In Alberta, Sharp-tailed Grouse are most common in the Grassland and Parkland regions, with localized populations in the Boreal Forest, Foothills and, to a lesser extent, the Rocky Mountains, where open, grassland-like habitats exist. A Sharp-tailed Grouse survey layer has been developed for the purpose of informing operators where lek surveys are to occur. This species has breeding leks at discrete locations. Sharp-tailed Grouse survey is based upon the boundaries of the Grassland and Parkland Natural Regions, as well as Provincial Grazing Reserves in the Boreal region of the province.</abstract><purpose>To provide industrial operators and government departments information regarding the probable location of Sharp-tailed Grouse habitat for the application of appropriate wildlife surveys. Proponents are recommended to survey for Sharp-tailed Grouse leks and respect buffers where they occur.</purpose><supplinf>Sharp-tailed Grouse data have been endorsed by Alberta Environment and Parks.</supplinf><langdata Sync="TRUE">en</langdata></descript><timeperd><timeinfo><sngdate><caldate>2013</caldate></sngdate></timeinfo><current>publication date</current></timeperd><status><progress>Complete</progress><update>Annually</update></status><spdom><bounding><westbc Sync="TRUE">-120.196631</westbc><eastbc Sync="TRUE">-108.734398</eastbc><northbc Sync="TRUE">58.611466</northbc><southbc Sync="TRUE">48.899660</southbc></bounding><lboundng><leftbc Sync="TRUE">197488.472100</leftbc><rightbc Sync="TRUE">865133.532300</rightbc><bottombc Sync="TRUE">5426117.792800</bottombc><topbc Sync="TRUE">6494190.104800</topbc></lboundng></spdom><keywords><theme><themekt>ISO 19115 Topic Category</themekt><themekey>biota</themekey><themekey>planningCadastre</themekey><themekey>environment</themekey></theme><theme><themekt>none</themekt><themekey>sharp-tailed grouse</themekey><themekey>leks</themekey><themekey>dancing ground</themekey><themekey>survey</themekey><themekey>Tympanuchus phasianellus</themekey></theme></keywords><accconst>For general public use.</accconst><useconst>The Wildlife Sensitivity data is available free of a charge as a service to Albertans. These wildlife feature layers provide industrial operators, government departments and the general public with the best information currently available on the extent of wildlife sensitivities. A few items should be highlighted on the issue of data usage. Fish and Wildlife Policy Branch of Alberta Environment and Parks, Government of Alberta asks that any liability for any misuse or misinterpretation of the data, should the data be inappropriately mapped, is the responsibility of the user. Additionally it is the user's responsibility to ensure that the most up-to date and correct data is used. Alberta Environment and Parks reserves the right to update and change the Wildlife Sensitivity data. Finally, while all users are free to download and use the Wildlife Sensitivity data for information and planning uses (e.g., reports to clients), we ask that digital and hard copy maps (other than those used for client reports) are not be distributed for commercial purposes.</useconst><ptcontac><cntinfo><cntorgp><cntorg>Alberta Environment and Parks, Government of Alberta</cntorg></cntorgp><cntpos>Provincial Wildlife Habitat Specialist</cntpos><cntaddr><addrtype>mailing and physical address</addrtype><address>2nd floor, Great West Life Building</address><address>9920 - 108 Street NW</address><city>Edmonton</city><state>Alberta</state><postal>T5K 2M4</postal><country>Canada</country></cntaddr><cntfax>7804229559</cntfax><hours>08:15 to 16:30 Monday to Friday</hours><cntvoice>7804223344</cntvoice><cntemail>Glenn.Mack@gov.ab.ca </cntemail></cntinfo></ptcontac><secinfo><secsys>Government of Alberta Security Classification Guidelines</secsys><secclass>Protected</secclass></secinfo><native Sync="TRUE">Microsoft Windows Vista Version 6.1 (Build 7601) Service Pack 1; ESRI ArcCatalog 9.3.1.4000</native><natvform Sync="TRUE">Shapefile</natvform></idinfo><dataqual><lineage></lineage></dataqual><spdoinfo><direct Sync="TRUE">Vector</direct><ptvctinf><sdtsterm Name="Sharp_tailed_Grouse_Survey"><sdtstype Sync="TRUE">G-polygon</sdtstype><ptvctcnt Sync="TRUE">52</ptvctcnt></sdtsterm><esriterm Name="Sharp_tailed_Grouse_Survey"><efeatyp Sync="TRUE">Simple</efeatyp><efeageom Sync="TRUE">Polygon</efeageom><esritopo Sync="TRUE">FALSE</esritopo><efeacnt Sync="TRUE">52</efeacnt><spindex Sync="TRUE">FALSE</spindex><linrefer Sync="TRUE">FALSE</linrefer></esriterm></ptvctinf></spdoinfo><spref><horizsys><planar><planci><plance Sync="TRUE">coordinate pair</plance><coordrep><absres Sync="TRUE">0.000000</absres><ordres Sync="TRUE">0.000000</ordres></coordrep><plandu Sync="TRUE">meters</plandu></planci><mapproj><mapprojn Sync="TRUE">Transverse Mercator</mapprojn><transmer><sfctrmer Sync="TRUE">0.999200</sfctrmer><longcm Sync="TRUE">-115.000000</longcm><latprjo Sync="TRUE">0.000000</latprjo><feast Sync="TRUE">500000.000000</feast><fnorth Sync="TRUE">0.000000</fnorth></transmer></mapproj></planar><geodetic><horizdn Sync="TRUE">North American Datum of 1983</horizdn><ellips Sync="TRUE">Geodetic Reference System 80</ellips><semiaxis Sync="TRUE">6378137.000000</semiaxis><denflat Sync="TRUE">298.257222</denflat></geodetic><cordsysn><geogcsn Sync="TRUE">GCS_North_American_1983</geogcsn><projcsn Sync="TRUE">NAD_1983_10TM_AEP_Forest</projcsn></cordsysn></horizsys><vertdef><altsys><altres Sync="TRUE">1.000000</altres><altenc Sync="TRUE">Explicit elevation coordinate included with horizontal coordinates</altenc></altsys></vertdef></spref><eainfo><detailed Name="Sharp_tailed_Grouse_Survey"><enttyp><enttypl>SensitiveSpecies.GDB.SHRPT_GRSE_SUR_POLYGON</enttypl><enttypd>Sharp-tailed Grouse Survey</enttypd><enttypds>Fish and Wildlife Division</enttypds><enttypt Sync="TRUE">Feature Class</enttypt><enttypc Sync="TRUE">52</enttypc></enttyp><attr><attrlabl Sync="TRUE">SHAPE_STLe</attrlabl><attalias Sync="TRUE">FID</attalias><attrtype Sync="TRUE">Float</attrtype><attwidth Sync="TRUE">19</attwidth><attrdef Sync="TRUE">Internal feature number.</attrdef><attrdefs Sync="TRUE">ESRI</attrdefs><attrdomv><udom Sync="TRUE">Sequential unique whole numbers that are automatically generated.</udom></attrdomv><atnumdec Sync="TRUE">11</atnumdec></attr><attr><attrlabl>SHAPE</attrlabl><attrdef>Feature geometry.</attrdef><attrdefs>ESRI</attrdefs><attrdomv><udom>Coordinates defining the features.</udom></attrdomv><attalias Sync="TRUE">SPECIES</attalias><attrtype Sync="TRUE">String</attrtype><attwidth Sync="TRUE">20</attwidth><atprecis Sync="TRUE">0</atprecis><attscale Sync="TRUE">0</attscale></attr><attr><attrlabl>SPECIES</attrlabl><attalias Sync="TRUE">SPECIES_CO</attalias><attrtype Sync="TRUE">String</attrtype><attwidth Sync="TRUE">20</attwidth><attrdef Sync="TRUE">Internal feature number.</attrdef><attrdefs Sync="TRUE">ESRI</attrdefs><attrdomv><udom Sync="TRUE">Sequential unique whole numbers that are automatically generated.</udom></attrdomv></attr><attr><attrlabl>SPECIES_CO</attrlabl><attrdef>Feature geometry.</attrdef><attrdefs>ESRI</attrdefs><attrdomv><udom>Coordinates defining the features.</udom></attrdomv><attalias Sync="TRUE">Shape</attalias><attrtype Sync="TRUE">String</attrtype><attwidth Sync="TRUE">16</attwidth></attr><attr><attrlabl>Shape</attrlabl><attrdef>Feature geometry.</attrdef><attrdefs>ESRI</attrdefs><attrdomv><udom>Coordinates defining the features.</udom></attrdomv><attalias Sync="TRUE">SHAPE_STAr</attalias><attrtype Sync="TRUE">Double</attrtype><attwidth Sync="TRUE">19</attwidth><atprecis Sync="TRUE">0</atprecis><attscale Sync="TRUE">0</attscale></attr><attr><attrlabl Sync="TRUE">SHAPE_STAr</attrlabl><attalias Sync="TRUE">SHAPE_STLe</attalias><attrtype Sync="TRUE">Float</attrtype><attwidth Sync="TRUE">19</attwidth><atnumdec Sync="TRUE">11</atnumdec></attr></detailed></eainfo><distinfo><distrib><cntinfo><cntorgp><cntorg>Alberta Environment and Parks, Government of Alberta</cntorg></cntorgp><cntpos>Provincial Wildlife Habitat Specialist</cntpos><cntaddr><addrtype>mailing and physical address</addrtype><address>2nd floor, Great West Life Building</address><address>9920 - 108 Street NW</address><city>Edmonton</city><state>Alberta</state><postal>T5K 2M4</postal><country>Canada</country></cntaddr><cntfax>7804229559</cntfax><hours>08:15 to 16:30 Monday to Friday</hours><cntvoice>7804223344</cntvoice><cntemail>Glenn.Mack@gov.ab.ca </cntemail></cntinfo></distrib><resdesc>Downloadable Data</resdesc><distliab>These materials are provided "as is" without warranties or conditions of any kind either expressed or implied. To the fullest extent possible under applicable law, the Government of Alberta disclaims all warranties and conditions, expressed or implied, including but not limited to, implied warranties or conditions of merchantability and fitness for a particular purpose, non-infringement or other violation of rights. The Crown in right of Alberta, the Minister and her employees and agents, shall not be liable for any claims, costs, losses, or damages, including any special, indirect, incidental or consequential loss or damage, which the user may incur or experience as a result of the use or possession of the information or associated storage media.</distliab><stdorder><digform><digtinfo><formname>ESRI Shapefile</formname><filedec>zip file</filedec><transize>0.578</transize><dssize Sync="TRUE">0.561</dssize></digtinfo><digtopt><onlinopt><computer><networka><networkr>https://extranet.gov.ab.ca/srd/geodiscover/srd_pub/LAT/FWDSensitivity/Sharp-tailedGrouseSurvey.zip</networkr></networka></computer></onlinopt></digtopt></digform></stdorder><techpreq>To utilize digital information, specialized graphics or GIS software (i.e., ArcInfo, ArcView, ArcGIS, or MicroStation) may be required.</techpreq></distinfo><metainfo><metd Sync="TRUE">20150611</metd><metc><cntinfo><cntorgp><cntorg>Alberta Environment and Parks, Government of Alberta</cntorg></cntorgp><cntpos>Provincial Wildlife Habitat Specialist</cntpos><cntaddr><addrtype>mailing and physical address</addrtype><address>2nd floor, Great West Life Building</address><address>9920 - 108 Street NW</address><city>Edmonton</city><state>Alberta</state><postal>T5K 2M4</postal><country>Canada</country></cntaddr><cntfax>7804229559</cntfax><hours>08:15 to 16:30 Monday to Friday</hours><cntvoice>7804223344</cntvoice><cntemail>Glenn.Mack@gov.ab.ca </cntemail></cntinfo></metc><metstdn Sync="TRUE">FGDC Content Standards for Digital Geospatial Metadata</metstdn><metstdv Sync="TRUE">FGDC-STD-001-1998</metstdv><mettc Sync="TRUE">local time</mettc><langmeta Sync="TRUE">en</langmeta><metextns><onlink Sync="TRUE">http://www.esri.com/metadata/esriprof80.html</onlink><metprof Sync="TRUE">ESRI Metadata Profile</metprof></metextns></metainfo><Esri><ModDate>20150611</ModDate><ModTime>16133700</ModTime><CreaDate>20130228</CreaDate><CreaTime>15003800</CreaTime><SyncOnce>FALSE</SyncOnce><SyncDate>20150611</SyncDate><SyncTime>16133700</SyncTime><DataProperties><lineage><Process ToolSource="C:\Program Files\ArcGIS\ArcToolbox\Toolboxes\Conversion Tools.tbx\FeatureClassToFeatureClass" Date="20130114" Time="150139">FeatureClassToFeatureClass "Database Connections\Senspec_Swamp_GEO1.sde\SEN_SPEC.SensitiveSpecies\SEN_SPEC.SHRPT_GRSE_SUR_POLYGON" M:\RIMB_Exports\SensitiveSpeciesZipfiles_2013\Sharp-tailedGrouseSurvey-Mar30-2012 Sharp_tailed_Grouse_Survey.shp # "SPECIES 'SPECIES' true true false 20 Text 0 0 ,First,#,Database Connections\Senspec_Swamp_GEO1.sde\SEN_SPEC.SensitiveSpecies\SEN_SPEC.SHRPT_GRSE_SUR_POLYGON,SPECIES,-1,-1;SPECIES_CO 'SPECIES_CO' true true false 16 Text 0 0 ,First,#,Database Connections\Senspec_Swamp_GEO1.sde\SEN_SPEC.SensitiveSpecies\SEN_SPEC.SHRPT_GRSE_SUR_POLYGON,SPECIES_CO,-1,-1;SHAPE_AREA 'SHAPE_AREA' false false true 0 Double 0 0 ,First,#,Database Connections\Senspec_Swamp_GEO1.sde\SEN_SPEC.SensitiveSpecies\SEN_SPEC.SHRPT_GRSE_SUR_POLYGON,SHAPE.AREA,-1,-1;SHAPE_LEN 'SHAPE_LEN' false false true 0 Double 0 0 ,First,#,Database Connections\Senspec_Swamp_GEO1.sde\SEN_SPEC.SensitiveSpecies\SEN_SPEC.SHRPT_GRSE_SUR_POLYGON,SHAPE.LEN,-1,-1" # M:\RIMB_Exports\SensitiveSpeciesZipfiles_2013\Sharp-tailedGrouseSurvey-Mar30-2012\Sharp_tailed_Grouse_Survey.shp</Process></lineage></DataProperties><MetaID>{D301F142-5F75-4E87-82A3-6A9F80AD7399}</MetaID><PublishedDocID>{F7D44D77-AFF3-49FE-A0E5-975419E98F37}</PublishedDocID></Esri><distInfo><distributor><distorTran><onLineSrc><orDesc Sync="TRUE">002</orDesc></onLineSrc></distorTran></distributor></distInfo></metadata>
