<metadata><idinfo><citation><citeinfo><origin>Alberta Environment and Parks, Government of Alberta</origin><pubdate>20150501</pubdate><title>Greater Sage Grouse Range</title><geoform>vector digital data</geoform><pubinfo><pubplace>Edmonton, Alberta</pubplace><publish>Alberta Environment and Parks, Government of Alberta</publish></pubinfo><onlink>https://extranet.gov.ab.ca/srd/geodiscover/srd_pub/LAT/FWDSensitivity/GreaterSageGrouseRange.zip</onlink><ftname Sync="TRUE">Greater_Sage_Grouse_Range</ftname></citeinfo></citation><descript><abstract>The Greater Sage Grouse (Centrocercus urophasianus urophasianus) Range layer is an amalgamation of: the Alberta critical habitat layer and the associated buffer; the Alberta leks layer and associated buffers; and the Federal Critical Habitat layer and associated buffer.The resulting single contiguous polygon represents the general range of the Greater Sage Grouse. The "doughnut" holes in these layers are included in the sage grouse layer since radio-telemetry indicates sage grouse use these areas at various times throughout its annual life cycle.</abstract><purpose>Greater Sage Grouse are an endangered species in Alberta. The purpose of this layer is to provide the general public, industrial operators and government departments information regarding the location of Greater Sage Grouse range. Specific operating conditions apply to Greater Sage Grouse range. Proponents are required to examine the range for application of setbacks.</purpose><supplinf>Greater Sage Grouse Range has been endorsed by Alberta Environment and Parks, Government of Alberta. In March 2015, the Alberta critical habitat layer, leks and buffers, and the Federal Critical Habitat layer were amalgamated to make one layer (i.e., a range map).</supplinf><langdata Sync="TRUE">en</langdata></descript><timeperd><timeinfo><sngdate><caldate>20150401</caldate></sngdate></timeinfo><current>publication date</current></timeperd><status><progress>Complete</progress><update>As needed</update></status><spdom><bounding><westbc>
-110.997390</westbc><eastbc>
-109.937212</eastbc><northbc>
49.570858</northbc><southbc>
48.971068</southbc></bounding><lboundng><leftbc Sync="TRUE">792536.461500</leftbc><rightbc Sync="TRUE">866461.002400</rightbc><bottombc Sync="TRUE">5434148.759400</bottombc><topbc Sync="TRUE">5496594.660300</topbc></lboundng></spdom><keywords><theme><themekt>ESRI Geography Network Thesaurus</themekt><themekey>Lek</themekey><themekey>Greater Sage Grouse</themekey><themekey>Dancing ground</themekey><themekey>Nesting</themekey><themekey>Wintering habitat</themekey><themekey>Brood rearing habitat</themekey></theme><theme><themekt>ISO 19115 Topic Category</themekt><themekey>biota</themekey><themekey>environment</themekey><themekey>planningCadastre</themekey></theme><place><placekt>None</placekt><placekey>Southeast Alberta</placekey><placekey>Northern Sagebrush Steppe</placekey></place><theme><themekey>biodiversity</themekey><themekey>Centrocercus urophasianus urophasianus</themekey><themekt>none</themekt><themekey>Endangered</themekey></theme></keywords><accconst>For general public use.</accconst><useconst>This material has been provided with the intent that it be readily available for personal and public non-commercial (educational) use and except where otherwise prohibited, may be reproduced, in part or in whole and by any means, without charge or further permission from the Policy and Planning Division. We only ask that: The materials not be modified, users exercise due diligence in ensuring the accuracy of the materials, the Government of Alberta be identified as the source of the materials, the reproduction is not represented as an official version of the materials reproduced, nor as having been made in affiliation with or with the endorsement of the Government of Alberta, reproduction of multiple copies of materials, in whole or in part, for the purposes of commercial distribution is prohibited, except with written permission from the Policy and Planning Division. To obtain permission to reproduce materials on this site for commercial purposes, please contact the Policy and Planning Division.</useconst><ptcontac><cntinfo><cntorgp><cntorg>Alberta Environment and Parks, Government of Alberta</cntorg></cntorgp><cntpos>Provincial Wildlife Habitat Specialist</cntpos><cntaddr><addrtype>mailing and physical address</addrtype><address>2nd floor, Great West Life Building</address><address>9920 - 108 Street NW</address><city>Edmonton</city><state>Alberta</state><postal>T5K 2M4</postal><country>Canada</country></cntaddr><cntvoice>7804223344</cntvoice><cntfax>7804229559</cntfax><hours>08:15 to 16:30 Monday to Friday</hours><cntinst>This is the point of contact regarding the creation of, and characteristics of, the data set. Queries about the creation and/or characteristics of the data set submitted through facsimile or electronic mail must include the salutation "Attention: Provincial Wildlife Habitat Specialist; Dataset: Greater Sage Grouse Range". For Distribution Information contact instructions, refer to the Distribution Information section of this metadata record. For Metadata Information contact instructions, refer to the Metadata Reference Information section of this metadata record.</cntinst><cntemail>Glenn.Mack@gov.ab.ca</cntemail></cntinfo></ptcontac><secinfo><secsys>Government of Alberta Security Classification Guidelines</secsys><secclass>Unrestricted</secclass></secinfo><native>Microsoft Windows XP Version 5.1 (Build 2600) Service Pack 3; ESRI ArcCatalog 9.3.1.3500</native><natvform Sync="TRUE">Shapefile</natvform></idinfo><dataqual><logic>ESRI feature type: Simple, Geometry: Point, Topology:</logic><complete>Data set has been visually inspected.  All data produced strives to meet National Mapping Accuracy Standards (NMAS).</complete><lineage><srcinfo><srccite><citeinfo><origin>Mike Suitor, Fish and Wildlife Division, Alberta Environment and Parks, Government of Alberta</origin><pubdate>20090330</pubdate></citeinfo></srccite><typesrc>computer program</typesrc><srctime><timeinfo><sngdate></sngdate></timeinfo></srctime></srcinfo><procstep><procdesc>The Alberta critical habitat layer, leks and buffers, and the Federal Critical Habitat Layer were all dissolved to create one polygon that spans the range of Greater Sage Grouse in Southern Alberta. Gaps in the range were filled in and the outer boundary was smoothed in places.</procdesc><proccont><cntinfo><cntorgp><cntorg>Alberta Environment and Parks, Government of Alberta</cntorg></cntorgp><cntpos>Provincial Wildlife Habitat Specialist</cntpos><cntaddr><addrtype>mailing and physical address</addrtype><address>2nd floor, Great West Life Building</address><address>9920 - 108 Street NW</address><city>Edmonton</city><state>Alberta</state><postal>T5K 2M4</postal><country>Canada</country></cntaddr><cntvoice>7804223344</cntvoice><cntfax>7804229559</cntfax><hours>08:15 to 16:30 Monday to Friday</hours><cntemail>Glenn.Mack@gov.ab.ca</cntemail></cntinfo></proccont><procdate>20150310</procdate></procstep></lineage></dataqual><spdoinfo><direct>Vector</direct><ptvctinf><sdtsterm Name="Greater_Sage_Grouse_Range"><sdtstype>G-polygon</sdtstype><ptvctcnt>1</ptvctcnt></sdtsterm><esriterm Name="Greater_Sage_Grouse_Range"><efeatyp Sync="TRUE">Simple</efeatyp><efeageom Sync="TRUE">Polygon</efeageom><esritopo Sync="TRUE">FALSE</esritopo><efeacnt Sync="TRUE">1</efeacnt><spindex Sync="TRUE">FALSE</spindex><linrefer Sync="TRUE">FALSE</linrefer></esriterm></ptvctinf></spdoinfo><spref><horizsys><planar><planci><plance>coordinate pair</plance><coordrep><absres>0.000100</absres><ordres>0.000100</ordres></coordrep><plandu>meters</plandu></planci><mapproj><mapprojn Sync="TRUE">Transverse Mercator</mapprojn><transmer><sfctrmer Sync="TRUE">0.999200</sfctrmer><longcm Sync="TRUE">-115.000000</longcm><latprjo Sync="TRUE">0.000000</latprjo><feast Sync="TRUE">500000.000000</feast><fnorth Sync="TRUE">0.000000</fnorth></transmer></mapproj></planar><geodetic><horizdn>North American Datum of 1983</horizdn><ellips>Geodetic Reference System 80</ellips><semiaxis>6378137.000000</semiaxis><denflat>298.257222</denflat></geodetic><cordsysn><geogcsn Sync="TRUE">GCS_North_American_1983</geogcsn><projcsn Sync="TRUE">NAD_1983_10TM_AEP_Forest</projcsn></cordsysn></horizsys><vertdef><altsys><altres>1.000000</altres><altenc>Explicit elevation coordinate included with horizontal coordinates</altenc></altsys></vertdef></spref><eainfo><detailed Name="Greater_Sage_Grouse_Range"><enttyp><enttypl>
SensitiveSpecies.GDB.SAGE_GRSE_RANGE_POLYGON</enttypl><enttypd>Range of Greater Sage Grouse in the Province of Alberta</enttypd><enttypds>Fish and Wildlife Habitat Policy Branch, Policy and Planning Division, Alberta Environment and Parks, Government of Alberta</enttypds><enttypt Sync="TRUE">Feature Class</enttypt><enttypc Sync="TRUE">1</enttypc></enttyp><attr><attrlabl Sync="TRUE">Shape_STLe</attrlabl><attalias Sync="TRUE">FID</attalias><attrtype Sync="TRUE">Float</attrtype><attwidth Sync="TRUE">19</attwidth><attrdef Sync="TRUE">Internal feature number.</attrdef><attrdefs Sync="TRUE">ESRI</attrdefs><attrdomv><udom Sync="TRUE">Sequential unique whole numbers that are automatically generated.</udom></attrdomv><atnumdec Sync="TRUE">11</atnumdec></attr><attr><attrlabl>HA10TM</attrlabl><attrdef>Area of the feature in Hectares as defined by a 10TM projection.</attrdef><attrdefs>ESRI</attrdefs><attalias Sync="TRUE">HA10TM</attalias><attrtype Sync="TRUE">Number</attrtype><attwidth Sync="TRUE">19</attwidth><attrdomv><udom Sync="TRUE">Sequential unique whole numbers that are automatically generated.</udom></attrdomv><atnumdec Sync="TRUE">8</atnumdec></attr><attr><attrlabl>PERIM10TM</attrlabl><attrdef>Perimeter of the feature in metres as defined by a 10TM projection.</attrdef><attrdefs>ESRI</attrdefs><attalias Sync="TRUE">PERIM10TM</attalias><attrtype Sync="TRUE">Number</attrtype><attwidth Sync="TRUE">19</attwidth><atnumdec Sync="TRUE">8</atnumdec></attr><attr><attrlabl>AREA10TM</attrlabl><attrdef>Area of the feature in metres as defined by a 10TM projection.</attrdef><attrdefs>ESRI</attrdefs><attalias Sync="TRUE">AREA10TM</attalias><attrtype Sync="TRUE">Number</attrtype><attwidth Sync="TRUE">19</attwidth><atnumdec Sync="TRUE">8</atnumdec></attr><attr><attrlabl>ACRES10TM</attrlabl><attrdef>Area of the feature in Acres as defined by a 10TM projection.</attrdef><attrdefs>ESRI</attrdefs><attalias Sync="TRUE">ACRES10TM</attalias><attrtype Sync="TRUE">Number</attrtype><attwidth Sync="TRUE">19</attwidth><atnumdec Sync="TRUE">8</atnumdec></attr><attr><attrlabl>Shape</attrlabl><attrdef>Feature geometry.</attrdef><attrdefs>ESRI</attrdefs><attrdomv><udom>Coordinates defining the features.</udom></attrdomv><attalias Sync="TRUE">Shape</attalias><attrtype Sync="TRUE">Geometry</attrtype><attwidth Sync="TRUE">0</attwidth><atprecis Sync="TRUE">0</atprecis><attscale Sync="TRUE">0</attscale></attr><attr><attrlabl>SHAPE</attrlabl><attrdef>Feature geometry.</attrdef><attrdefs>ESRI</attrdefs><attrdomv><udom>Coordinates defining the features.</udom></attrdomv><attalias Sync="TRUE">Shape_STAr</attalias><attrtype Sync="TRUE">Double</attrtype><attwidth Sync="TRUE">19</attwidth><atprecis Sync="TRUE">0</atprecis><attscale Sync="TRUE">0</attscale></attr><attr><attrlabl Sync="TRUE">Shape_STAr</attrlabl><attalias Sync="TRUE">Shape_STLe</attalias><attrtype Sync="TRUE">Float</attrtype><attwidth Sync="TRUE">19</attwidth><atnumdec Sync="TRUE">11</atnumdec></attr></detailed></eainfo><distinfo><distrib><cntinfo><cntorgp><cntorg>Alberta Environment and Parks, Government of Alberta</cntorg></cntorgp><cntpos>Provincial Wildlife Habitat Specialist</cntpos><cntaddr><addrtype>mailing and physical address</addrtype><address>2nd floor, Great West Life Building</address><address>9920 - 108 Street NW</address><city>Edmonton</city><state>Alberta</state><postal>T5K 2M4</postal><country>Canada</country></cntaddr><cntvoice>7804223344</cntvoice><cntfax>7804229559</cntfax><hours>08:15 to 16:30 Monday to Friday</hours><cntemail>Glenn.Mack@gov.ab.ca</cntemail></cntinfo></distrib><resdesc>Downloadable Data</resdesc><distliab>These materials are provided "as is" without warranties or conditions of any kind either expressed or implied. To the fullest extent possible under applicable law, the Government of Alberta disclaims all warranties and conditions, expressed or implied, including but not limited to, implied warranties or conditions of merchantability and fitness for a particular purpose, non-infringement or other violation of rights. The Crown in right of Alberta, the Minister and her employees and agents, shall not be liable for any claims, costs, losses, or damages, including any special, indirect, incidental or consequential loss or damage, which the user may incur or experience as a result of the use or possession of the information or associated storage media.</distliab><stdorder><digform><digtinfo><formname>ESRI Shapefile</formname><filedec>zip file</filedec><transize>1.195</transize><dssize Sync="TRUE">0.158</dssize></digtinfo><digtopt><onlinopt><computer><networka><networkr>https://extranet.gov.ab.ca/srd/geodiscover/srd_pub/LAT/FWDSensitivity/GreaterSageGrouseRange.zip</networkr></networka></computer></onlinopt></digtopt></digform></stdorder><techpreq>To utilize digital information, specialized graphics or GIS software (i.e., ArcInfo, ArcView, ArcGIS, or MicroStation) may be required.</techpreq></distinfo><metainfo><metd>20150401</metd><metc><cntinfo><cntorgp><cntorg>Alberta Environment and Parks, Government of Alberta</cntorg><cntper>REQUIRED: The person responsible for the metadata information.</cntper></cntorgp><cntpos>Provincial Wildlife Habitat Specialist</cntpos><cntaddr><addrtype>mailing and physical address</addrtype><address>2nd floor, Great West Life Building</address><address>9920 - 108 Street NW</address><city>Edmonton</city><state>Alberta</state><postal>T5K 2M4</postal><country>Canada</country></cntaddr><cntvoice>7804223344</cntvoice><cntfax>7804229559</cntfax><hours>08:15 to 16:30 Monday to Friday</hours><cntinst>This is the point of contact regarding the creation of, and characteristics of, metadata for the data set. Queries about the creation and/or characteristics of the metadata submitted through facsimile or electronic mail must include the salutation "Attention: Provincial Wildlife Habitat Specialist; Dataset: Greater Sage Grouse Range". For Distribution Information contact instructions, refer to the Distribution Information section of this metadata record.</cntinst><cntemail>Glenn.Mack@gov.ab.ca</cntemail></cntinfo></metc><metstdn>FGDC Content Standards for Digital Geospatial Metadata</metstdn><metstdv>FGDC-STD-001-1998</metstdv><mettc>local time</mettc><metextns><onlink>http://www.esri.com/metadata/esriprof80.html</onlink><metprof>ESRI Metadata Profile</metprof></metextns><langmeta Sync="TRUE">en</langmeta><metextns><onlink Sync="TRUE">http://www.esri.com/metadata/esriprof80.html</onlink><metprof Sync="TRUE">ESRI Metadata Profile</metprof></metextns></metainfo><Esri><MetaID>{88320B9F-B3C6-4529-97C2-AAF4B80A17EB}</MetaID><CreaDate>20150318</CreaDate><CreaTime>15413300</CreaTime><SyncOnce>FALSE</SyncOnce><ModDate>20150611</ModDate><ModTime>15201600</ModTime><PublishedDocID>{43F8A68E-7541-410E-9924-5D83B415973A}</PublishedDocID><SyncDate>20150611</SyncDate><SyncTime>15201600</SyncTime></Esri><distInfo><distributor><distorTran><onLineSrc><orDesc Sync="TRUE">002</orDesc></onLineSrc></distorTran></distributor></distInfo></metadata>
