<metadata><idinfo><citation><citeinfo><origin>Alberta Environment and Parks, Government of Alberta</origin><pubdate>2010</pubdate><title>Burrowing Owl Range</title><geoform>vector digital data</geoform><othercit>Fish and Wildlife Policy Branch</othercit><pubinfo><pubplace>Edmonton, Alberta</pubplace><publish>Alberta Environment and Parks, Government of Alberta</publish></pubinfo><onlink>https://extranet.gov.ab.ca/srd/geodiscover/srd_pub/LAT/FWDSensitivity/BurrowingOwlRange.zip</onlink><ftname Sync="TRUE">Burrowing_Owl_Range</ftname></citeinfo></citation><descript><abstract>The burrowing owl (Athene cunicularia) dataset is produced for the Government of Alberta and is available to the general public. Please consult the Distribution Information of this metadata for the appropriate contact to acquire this dataset. A smoothed minimum convex polygon (MCP) was used to delineate a range based on observations from relevant databases in Alberta. Additional considerations were used to further filter range boundaries after observation data were plotted. Historical/extirpated observations were removed; bio- and geophysical restrictions to species patterns (e.g., rivers, elevation, ecoregions) were used to refine ranges as appropriate, and species experts reviewed maps and provided additional insight. Once an MCP was adequately modified, its border was smoothed.  Burrowing owl range was based upon 10 years of FWMIS observation data records, up to 2005, which includes  the most recent assessment by an Alberta Environment and Parks status report.</abstract><purpose>To provide industrial operators and government departments information regarding the location of Burrowing owl range for the application of appropriate wildlife surveys. Specific operating conditions may apply upon the results of wildlife surveys.</purpose><supplinf>Burrowing owl range distributions have been endorsed by Alberta Environment and Parks, Government of Alberta.</supplinf><langdata>en</langdata></descript><timeperd><timeinfo><sngdate><caldate>2010</caldate></sngdate></timeinfo><current>publication date</current></timeperd><status><progress>Complete</progress><update>None planned</update></status><spdom><bounding><westbc>
-112.939875</westbc><eastbc>
-109.693543</eastbc><northbc>
51.962144</northbc><southbc>
48.916533</southbc></bounding><lboundng><leftbc Sync="TRUE">650599.708300</leftbc><rightbc Sync="TRUE">865133.532200</rightbc><bottombc Sync="TRUE">5427999.901900</bottombc><topbc Sync="TRUE">5756794.470900</topbc></lboundng></spdom><keywords><theme><themekt>ISO 19115 Topic Category</themekt><themekey>biota</themekey><themekey>planningCadastre</themekey><themekey>environment</themekey></theme><theme><themekt>none</themekt><themekey>burrowing owl range</themekey><themekey>Athene cunicularia</themekey></theme></keywords><accconst>For general public use.</accconst><useconst>This material has been provided with the intent that it be readily available for personal and public non-commercial (educational) use and except where otherwise prohibited, may be reproduced, in part or in whole and by any means, without charge or further permission from the Fish and Wildlife Policy Branch. We only ask that: The materials not be modified, users exercise due diligence in ensuring the accuracy of the materials, the Government of Alberta be identified as the source of the materials, the reproduction is not represented as an official version of the materials reproduced, nor as having been made in affiliation with or with the endorsement of the Government of Alberta, reproduction of multiple copies of materials, in whole or in part, for the purposes of commercial distribution is prohibited, except with written permission from the Fish and Wildlife Policy Branch. To obtain permission to reproduce materials on this site for commercial purposes, please contact the Fish and Wildlife Policy Branch.</useconst><ptcontac><cntinfo><cntorgp><cntorg>Alberta Environment and Parks, Government of Alberta</cntorg></cntorgp><cntpos>Provincial Wildlife Habitat Specialist</cntpos><cntaddr><addrtype>mailing and physical address</addrtype><address>2nd floor, Great West Life Building</address><address>9920 - 108 Street NW</address><city>Edmonton</city><state>Alberta</state><postal>T5K 2M4</postal><country>Canada</country></cntaddr><hours>08:15 to 16:30 Monday to Friday</hours><cntfax>7804229559</cntfax><cntinst>This is the point of contact regarding the creation of, and characteristics of, the data set. Queries about the creation and/or characteristics of the data set submitted through facsimile or electronic mail must include the salutation "Attention: Provincial Wildlife Habitat Specialist; Dataset: Burrowing Owl Range". For Distribution Information contact instructions, refer to the Distribution Information section of this metadata record. For Metadata Information contact instructions, refer to the Metadata Reference Information section of this metadata record.</cntinst><cntvoice>7804223344</cntvoice><cntemail>Glenn.Mack@gov.ab.ca</cntemail></cntinfo></ptcontac><secinfo><secsys>Government of Alberta Security Classification Guidelines</secsys><secclass>Protected</secclass></secinfo><native>Microsoft Windows XP Version 5.1 (Build 2600) Service Pack 3; ESRI ArcCatalog 9.3.1.4000</native><natvform Sync="TRUE">Shapefile</natvform></idinfo><dataqual><lineage></lineage></dataqual><spdoinfo><direct>Vector</direct><ptvctinf><sdtsterm Name="Burrowing_Owl_Range"><sdtstype>G-polygon</sdtstype><ptvctcnt>1</ptvctcnt></sdtsterm><esriterm Name="Burrowing_Owl_Range"><efeatyp Sync="TRUE">Simple</efeatyp><efeageom Sync="TRUE">Polygon</efeageom><esritopo Sync="TRUE">FALSE</esritopo><efeacnt Sync="TRUE">1</efeacnt><spindex Sync="TRUE">FALSE</spindex><linrefer Sync="TRUE">FALSE</linrefer></esriterm></ptvctinf></spdoinfo><spref><horizsys><planar><planci><plance>coordinate pair</plance><coordrep><absres>0.000100</absres><ordres>0.000100</ordres></coordrep><plandu>meters</plandu></planci><mapproj><mapprojn Sync="TRUE">Transverse Mercator</mapprojn><transmer><sfctrmer Sync="TRUE">0.999200</sfctrmer><longcm Sync="TRUE">-115.000000</longcm><latprjo Sync="TRUE">0.000000</latprjo><feast Sync="TRUE">500000.000000</feast><fnorth Sync="TRUE">0.000000</fnorth></transmer></mapproj></planar><geodetic><horizdn>North American Datum of 1983</horizdn><ellips>Geodetic Reference System 80</ellips><semiaxis>6378137.000000</semiaxis><denflat>298.257222</denflat></geodetic><cordsysn><geogcsn Sync="TRUE">GCS_North_American_1983</geogcsn><projcsn Sync="TRUE">NAD_1983_10TM_AEP_Forest</projcsn></cordsysn></horizsys><vertdef><altsys><altres>1.000000</altres><altenc>Explicit elevation coordinate included with horizontal coordinates</altenc></altsys></vertdef></spref><eainfo><detailed Name="Burrowing_Owl_Range"><enttyp><enttypl>SensitiveSpecies.GDB.BURROW_OWL_RANGE_POLYGON</enttypl><enttypd>Burrowing Owl Range</enttypd><enttypds>Fish and Wildlife</enttypds><enttypt Sync="TRUE">Feature Class</enttypt><enttypc Sync="TRUE">1</enttypc></enttyp><attr><attrlabl Sync="TRUE">SHAPE_STLe</attrlabl><attalias Sync="TRUE">FID</attalias><attrtype Sync="TRUE">Float</attrtype><attwidth Sync="TRUE">19</attwidth><attrdef Sync="TRUE">Internal feature number.</attrdef><attrdefs Sync="TRUE">ESRI</attrdefs><attrdomv><udom Sync="TRUE">Sequential unique whole numbers that are automatically generated.</udom></attrdomv><atnumdec Sync="TRUE">11</atnumdec></attr><attr><attrlabl>SHAPE</attrlabl><attrdef>Feature geometry.</attrdef><attrdefs>ESRI</attrdefs><attrdomv><udom>Coordinates defining the features.</udom></attrdomv><attalias Sync="TRUE">RANGE</attalias><attrtype Sync="TRUE">String</attrtype><attwidth Sync="TRUE">40</attwidth><atprecis Sync="TRUE">0</atprecis><attscale Sync="TRUE">0</attscale></attr><attr><attrlabl>RANGE</attrlabl><attrdef>Name of the species whose range is defined</attrdef><attrdefs>Fish and Wildlife</attrdefs><attrdomv><edom><edomv>Burrowing Owl</edomv></edom></attrdomv><attalias Sync="TRUE">PERIM10TM</attalias><attrtype Sync="TRUE">String</attrtype><attwidth Sync="TRUE">40</attwidth></attr><attr><attrlabl>PERIM10TM</attrlabl><attrdef>Perimeter of the feature in metres as defined by a 10TM projection.</attrdef><attrdefs>ESRI</attrdefs><attalias Sync="TRUE">AREA10TM</attalias><attrtype Sync="TRUE">Number</attrtype><attwidth Sync="TRUE">19</attwidth><atnumdec Sync="TRUE">8</atnumdec></attr><attr><attrlabl>AREA10TM</attrlabl><attrdef>Area of the feature in metres as defined by a 10TM projection.</attrdef><attrdefs>ESRI</attrdefs><attalias Sync="TRUE">ACRES10TM</attalias><attrtype Sync="TRUE">Number</attrtype><attwidth Sync="TRUE">19</attwidth><atnumdec Sync="TRUE">8</atnumdec></attr><attr><attrlabl>ACRES10TM</attrlabl><attrdef>Area of the feature in Acres as defined by a 10TM projection.</attrdef><attrdefs>ESRI</attrdefs><attalias Sync="TRUE">HA10TM</attalias><attrtype Sync="TRUE">Number</attrtype><attwidth Sync="TRUE">19</attwidth><atnumdec Sync="TRUE">8</atnumdec></attr><attr><attrlabl>HA10TM</attrlabl><attrdef>Area of the feature in Hectares as defined by a 10TM projection.</attrdef><attrdefs>ESRI</attrdefs><attrdomv><udom>Coordinates defining the features.</udom></attrdomv><attalias Sync="TRUE">Shape</attalias><attrtype Sync="TRUE">Number</attrtype><attwidth Sync="TRUE">19</attwidth><atnumdec Sync="TRUE">8</atnumdec></attr><attr><attrlabl>Shape</attrlabl><attrdef>Feature geometry.</attrdef><attrdefs>ESRI</attrdefs><attrdomv><udom>Coordinates defining the features.</udom></attrdomv><attalias Sync="TRUE">SHAPE_STAr</attalias><attrtype Sync="TRUE">Double</attrtype><attwidth Sync="TRUE">19</attwidth><atprecis Sync="TRUE">0</atprecis><attscale Sync="TRUE">0</attscale></attr><attr><attrlabl Sync="TRUE">SHAPE_STAr</attrlabl><attalias Sync="TRUE">SHAPE_STLe</attalias><attrtype Sync="TRUE">Float</attrtype><attwidth Sync="TRUE">19</attwidth><atnumdec Sync="TRUE">11</atnumdec></attr></detailed></eainfo><distinfo><resdesc>Downloadable Data</resdesc><distliab>These materials are provided "as is" without warranties or conditions of any kind either expressed or implied. To the fullest extent possible under applicable law, the Government of Alberta disclaims all warranties and conditions, expressed or implied, including but not limited to, implied warranties or conditions of merchantability and fitness for a particular purpose, non-infringement or other violation of rights. The Crown in right of Alberta, the Minister and her employees and agents, shall not be liable for any claims, costs, losses, or damages, including any special, indirect, incidental or consequential loss or damage, which the user may incur or experience as a result of the use or possession of the information or associated storage media.</distliab><stdorder><digform><digtinfo><transize>0.010</transize><formname>ESRI Shapefile</formname><dssize Sync="TRUE">0.010</dssize></digtinfo><digtopt><onlinopt><computer><networka><networkr>https://extranet.gov.ab.ca/srd/geodiscover/srd_pub/LAT/FWDSensitivity/BurrowingOwlRange.zip</networkr></networka></computer></onlinopt></digtopt></digform></stdorder><techpreq>To utilize digital information, specialized graphics or GIS software (i.e., ArcInfo, ArcView, ArcGIS, or MicroStation) may be required.</techpreq><distrib><cntinfo><cntaddr><address>2nd floor, Great West Life Building</address><addrtype>mailing and physical address</addrtype><address>9920 - 108 Street NW</address><city>Edmonton</city><state>Alberta</state><postal>T5K 2M4</postal><country>Canada</country></cntaddr><cntorgp><cntorg>Alberta Environment and Parks, Government of Alberta</cntorg></cntorgp><cntpos>Provincial Wildlife Habitat Specialist</cntpos><cntfax>7804229559</cntfax><hours>08:15 to 16:30 Monday to Friday</hours><cntvoice>7804223344</cntvoice><cntemail>Glenn.Mack@gov.ab.ca</cntemail></cntinfo></distrib></distinfo><metainfo><metd>20121106</metd><metc><cntinfo><cntorgp><cntorg>Alberta Environment and Parks, Government of Alberta</cntorg></cntorgp><cntpos>Provincial Wildlife Habitat Specialist Fish and Wildlife Policy Branch</cntpos><cntaddr><addrtype>mailing and physical address</addrtype><address>2nd floor, Great West Life Building</address><address>9920 - 108 Street NW</address><city>Edmonton</city><state>Alberta</state><postal>T5K 2M4</postal><country>Canada</country></cntaddr><hours>08:15 to 16:30 Monday to Friday</hours><cntfax>7804229559</cntfax><cntinst>This is the point of contact regarding the creation of, and characteristics of, metadata for the data set. Queries about the creation and/or characteristics of the metadata submitted through facsimile or electronic mail must include the salutation "Attention: Provincial Wildlife Habitat Specialist, Fish and Wildlife Policy Branch; Dataset: Burrowing Owl Range". For Distribution Information contact instructions, refer to the Distribution Information section of this metadata record.</cntinst><cntvoice>7804223344</cntvoice><cntemail>Glenn.Mack@gov.ab.ca</cntemail></cntinfo></metc><metstdn>FGDC Content Standards for Digital Geospatial Metadata</metstdn><metstdv>FGDC-STD-001-1998</metstdv><mettc>local time</mettc><langmeta Sync="TRUE">en</langmeta><metextns><onlink Sync="TRUE">http://www.esri.com/metadata/esriprof80.html</onlink><metprof Sync="TRUE">ESRI Metadata Profile</metprof></metextns></metainfo><Esri><ModDate>20150611</ModDate><ModTime>09304900</ModTime><MetaID>{2E5F919B-10FC-4F54-864F-8BE91E43128A}</MetaID><CreaDate>20130111</CreaDate><CreaTime>11360900</CreaTime><SyncOnce>FALSE</SyncOnce><SyncDate>20150611</SyncDate><SyncTime>09304900</SyncTime><PublishedDocID>{CCADD88C-DAA6-4243-A175-D317E55964A7}</PublishedDocID></Esri><distInfo><distributor><distorTran><onLineSrc><orDesc Sync="TRUE">002</orDesc></onLineSrc></distorTran></distributor></distInfo></metadata>
