<metadata><idinfo><citation><citeinfo><origin>Alberta Environment and Parks, Government of Alberta</origin><pubdate>201212</pubdate><title>Caribou Range</title><geoform Sync="TRUE">vector digital data</geoform><pubinfo><pubplace>Edmonton, Alberta</pubplace><publish>Alberta Environment and Parks, Government of Alberta</publish></pubinfo><othercit>Fish and Wildlife Division</othercit><ftname Sync="TRUE">Caribou_Range</ftname><onlink>https://extranet.gov.ab.ca/srd/geodiscover/srd_pub/LAT/FWDSensitivity/CaribouRange.zip</onlink></citeinfo></citation><descript><abstract>This dataset is produced for the Government of Alberta and is available to the general public. Please consult the Distribution Information of this metadata for the appropriate contact to acquire this dataset. 
This dataset is comprised of the provincial Caribou (Rangifer tarandus caribou) Range distribution data. The boundaries are derived upon the known ranges of Caribou herds, as determined through historical information, the movements of collared animals (telemetry) and aerial surveys. This new map has been used to communicate the extent of caribou range in the province for important initiatives such as the Alberta cabinet approved Woodland Caribou Policy for Alberta, and the Federal Recovery Strategy for both boreal and southern mountain woodland caribou. This caribou range map will be adopted as the land-use referral map for all land-use applications on April 1, 2013. Beginning April 1, 2013 projects that have received an EPEA approval using the updated Caribou Range map, and all other land use and forestry applications, will use the updated Caribou Range map for required disposition applications.</abstract><purpose>This dataset provides the general public, industrial operators and government departments information regarding the location of caribou ranges. Specific operating conditions apply to caribou ranges</purpose><supplinf>Caribou range distributions have been endorsed by Alberta Environment and Parks, Government of Alberta.</supplinf><langdata Sync="TRUE">en</langdata></descript><timeperd><timeinfo><sngdate><caldate>20121203</caldate></sngdate></timeinfo><current>publication date</current></timeperd><status><progress>Complete</progress><update>Irregular</update></status><spdom><bounding><westbc Sync="TRUE">-120.902189</westbc><eastbc Sync="TRUE">-109.276715</eastbc><northbc Sync="TRUE">60.094939</northbc><southbc Sync="TRUE">51.284993</southbc></bounding><lboundng><leftbc Sync="TRUE">170844.396900</leftbc><rightbc Sync="TRUE">819119.143300</rightbc><bottombc Sync="TRUE">5689840.378400</bottombc><topbc Sync="TRUE">6659318.544400</topbc></lboundng></spdom><keywords><theme><themekt>ISO 19115 Topic Category</themekt><themekey>biota</themekey></theme><theme><themekt>none</themekt><themekey>Caribou</themekey><themekey>range</themekey><themekey>distribution</themekey><themekey>Rangifer tarandus caribou</themekey></theme></keywords><accconst>For general public use.</accconst><useconst>The Wildlife Sensitivity data is available free of a charge as a service to Albertans. These wildlife feature layers provide industrial operators, government departments and the general public with the best information currently available on the extent of wildlife sensitivities. A few items should be highlighted on the issue of data usage. Wildlife Management of Alberta Environment and Parks, Government of Alberta asks that any liability for any misuse or misinterpretation of the data, should the data be inappropriately mapped, is the responsibility of the user. Additionally it is the user's responsibility to ensure that the most up-to date and correct data is used. Alberta Environment and Parks reserves the right to update and change the Wildlife Sensitivity data. Finally, while all users are free to download and use the Wildlife Sensitivity data for information and planning uses (e.g., reports to clients), we ask that digital and hard copy maps (other than those used for client reports) are not be distributed for commercial purposes.</useconst><ptcontac><cntinfo><cntorgp><cntorg>Alberta Environment and Parks, Government of Alberta</cntorg></cntorgp><cntpos>Provincial Wildlife Habitat Specialist</cntpos><cntaddr><addrtype>mailing and physical address</addrtype><address>2nd floor, Great West Life Building</address><address>9920 - 108 Street NW</address><city>Edmonton</city><state>Alberta</state><postal>T5K 2M4</postal><country>Canada</country></cntaddr><cntfax>7804229559</cntfax><cntemail>Glenn.Mack@gov.ab.ca</cntemail><hours>08:15 to 16:30 Monday to Friday</hours><cntinst>This is the point of contact regarding the creation of, and characteristics of, the data set. Queries about the creation and/or characteristics of the data set submitted through facsimile or electronic mail must include the salutation "Attention: Provincial Wildlife Habitat Specialist; Dataset: Caribou Range". For Distribution Information contact instructions, refer to the Distribution Information section of this metadata record. For Metadata Information contact instructions, refer to the Metadata Reference Information section of this metadata record.</cntinst><cntvoice>7804223344</cntvoice></cntinfo></ptcontac><secinfo><secsys>Government of Alberta Security Classification Guidelines</secsys><secclass>Protected</secclass></secinfo><native Sync="TRUE">Microsoft Windows Vista Version 6.1 (Build 7601) Service Pack 1; ESRI ArcCatalog 9.3.1.4000</native><natvform Sync="TRUE">Shapefile</natvform></idinfo><dataqual><lineage></lineage></dataqual><spdoinfo><direct Sync="TRUE">Vector</direct><ptvctinf><sdtsterm Name="Caribou_Range"><sdtstype Sync="TRUE">G-polygon</sdtstype><ptvctcnt Sync="TRUE">24</ptvctcnt></sdtsterm><esriterm Name="Caribou_Range"><efeatyp Sync="TRUE">Simple</efeatyp><efeageom Sync="TRUE">Polygon</efeageom><esritopo Sync="TRUE">FALSE</esritopo><efeacnt Sync="TRUE">24</efeacnt><spindex Sync="TRUE">FALSE</spindex><linrefer Sync="TRUE">FALSE</linrefer></esriterm></ptvctinf></spdoinfo><spref><horizsys><planar><planci><plance Sync="TRUE">coordinate pair</plance><coordrep><absres Sync="TRUE">0.000000</absres><ordres Sync="TRUE">0.000000</ordres></coordrep><plandu Sync="TRUE">meters</plandu></planci><mapproj><mapprojn Sync="TRUE">Transverse Mercator</mapprojn><transmer><sfctrmer Sync="TRUE">0.999200</sfctrmer><longcm Sync="TRUE">-115.000000</longcm><latprjo Sync="TRUE">0.000000</latprjo><feast Sync="TRUE">500000.000000</feast><fnorth Sync="TRUE">0.000000</fnorth></transmer></mapproj></planar><geodetic><horizdn Sync="TRUE">North American Datum of 1983</horizdn><ellips Sync="TRUE">Geodetic Reference System 80</ellips><semiaxis Sync="TRUE">6378137.000000</semiaxis><denflat Sync="TRUE">298.257222</denflat></geodetic><cordsysn><geogcsn Sync="TRUE">GCS_North_American_1983</geogcsn><projcsn Sync="TRUE">NAD_1983_10TM_AEP_Forest</projcsn></cordsysn></horizsys><vertdef><altsys><altres Sync="TRUE">1.000000</altres><altenc Sync="TRUE">Explicit elevation coordinate included with horizontal coordinates</altenc></altsys></vertdef></spref><eainfo><detailed Name="Caribou_Range"><enttyp><enttypl>SensitiveSpecies.GDB.CARIBOU_RANGE_POLYGON</enttypl><enttypd>Provincial Caribou Range distribution data</enttypd><enttypds>Wildlife Management, Alberta Environment and Parks</enttypds><enttypt Sync="TRUE">Feature Class</enttypt><enttypc Sync="TRUE">24</enttypc></enttyp><attr><attrlabl Sync="TRUE">FID</attrlabl><attalias Sync="TRUE">FID</attalias><attrtype Sync="TRUE">OID</attrtype><attwidth Sync="TRUE">4</attwidth><atprecis Sync="TRUE">0</atprecis><attscale Sync="TRUE">0</attscale><attrdef Sync="TRUE">Internal feature number.</attrdef><attrdefs Sync="TRUE">ESRI</attrdefs><attrdomv><udom Sync="TRUE">Sequential unique whole numbers that are automatically generated.</udom></attrdomv></attr><attr><attrlabl>STATUS</attrlabl><attrdef>Status</attrdef><attrdefs>Wildlife Management, Alberta Environment and Parks</attrdefs><attrdomv><edom><edomv>Active</edomv></edom><edom><edomv>Extirp</edomv></edom></attrdomv><attalias Sync="TRUE">STATUS</attalias><attrtype Sync="TRUE">String</attrtype><attwidth Sync="TRUE">8</attwidth></attr><attr><attrlabl>SUBUNIT</attrlabl><attrdef>Population Subunit</attrdef><attrdefs>Wildlife Management, Alberta Environment and Parks</attrdefs><attrdomv><edom><edomv>Banff</edomv></edom><edom><edomv>Jasper</edomv></edom><edom><edomv>Narraway</edomv></edom><edom><edomv>Redrock-Prairie Creek</edomv></edom><edom><edomv>A La Peche</edomv></edom><edom><edomv>Little Smoky</edomv></edom><edom><edomv>Chinchaga</edomv></edom><edom><edomv>Yates</edomv></edom><edom><edomv>Bischto</edomv></edom><edom><edomv>Caribou Mountains</edomv></edom><edom><edomv>Slave Lake</edomv></edom><edom><edomv>Nipisi</edomv></edom><edom><edomv>West Side Athabasca</edomv></edom><edom><edomv>Richardson</edomv></edom><edom><edomv>Red Earth</edomv></edom><edom><edomv>Cold Lake</edomv></edom><edom><edomv>Wandering</edomv></edom><edom><edomv>Wiau</edomv></edom><edom><edomv>Agnes</edomv></edom><edom><edomv>Algar</edomv></edom><edom><edomv>Bohn</edomv></edom><edom><edomv>Christina</edomv></edom><edom><edomv>Egg-Pony</edomv></edom></attrdomv><attalias Sync="TRUE">SUBUNIT</attalias><attrtype Sync="TRUE">String</attrtype><attwidth Sync="TRUE">50</attwidth></attr><attr><attrlabl>LOCALRANGE</attrlabl><attrdef>Local Population Ranges</attrdef><attrdefs>Wildlife Management, Alberta Environment and Parks</attrdefs><attrdomv><edom><edomv>Banff</edomv></edom><edom><edomv>Jasper</edomv></edom><edom><edomv>West Central</edomv></edom><edom><edomv>Little Smoky</edomv></edom><edom><edomv>Chinchaga</edomv></edom><edom><edomv>Yates</edomv></edom><edom><edomv>Bischto</edomv></edom><edom><edomv>Caribou Mountains</edomv></edom><edom><edomv>Red Earth</edomv></edom><edom><edomv>West Side Athabasca</edomv></edom><edom><edomv>Slave Lake</edomv></edom><edom><edomv>Nipisi</edomv></edom><edom><edomv>Richardson</edomv></edom><edom><edomv>East Side Athabasca</edomv></edom><edom><edomv>Cold Lake</edomv></edom></attrdomv><attalias Sync="TRUE">LOCALRANGE</attalias><attrtype Sync="TRUE">String</attrtype><attwidth Sync="TRUE">25</attwidth></attr><attr><attrlabl>PERIM10TM</attrlabl><attrdef>Perimeter of the feature in metres as defined by a 10TM projection.</attrdef><attrdefs>ESRI</attrdefs><attalias Sync="TRUE">PERIM10TM</attalias><attrtype Sync="TRUE">Number</attrtype><attwidth Sync="TRUE">19</attwidth><atnumdec Sync="TRUE">8</atnumdec></attr><attr><attrlabl>AREA10TM</attrlabl><attrdef>Area of the feature in metres as defined by a 10TM projection.</attrdef><attrdefs>ESRI</attrdefs><attalias Sync="TRUE">AREA10TM</attalias><attrtype Sync="TRUE">Number</attrtype><attwidth Sync="TRUE">19</attwidth><atnumdec Sync="TRUE">8</atnumdec></attr><attr><attrlabl>ACRES10TM</attrlabl><attrdef>Area of the feature in Acres as defined by a 10TM projection.</attrdef><attrdefs>ESRI</attrdefs><attalias Sync="TRUE">ACRES10TM</attalias><attrtype Sync="TRUE">Number</attrtype><attwidth Sync="TRUE">19</attwidth><atnumdec Sync="TRUE">8</atnumdec></attr><attr><attrlabl>HA10TM</attrlabl><attrdef>Area of the feature in Hectares as defined by a 10TM projection.</attrdef><attrdefs>ESRI</attrdefs><attalias Sync="TRUE">HA10TM</attalias><attrtype Sync="TRUE">Number</attrtype><attwidth Sync="TRUE">19</attwidth><atnumdec Sync="TRUE">8</atnumdec></attr><attr><attrlabl>SHAPE</attrlabl><attrdef>Feature geometry.</attrdef><attrdefs>ESRI</attrdefs><attrdomv><udom>Coordinates defining the features.</udom></attrdomv><attalias Sync="TRUE">Shape</attalias><attrtype Sync="TRUE">Geometry</attrtype><attwidth Sync="TRUE">0</attwidth><atprecis Sync="TRUE">0</atprecis><attscale Sync="TRUE">0</attscale></attr><attr><attrlabl Sync="TRUE">SHAPE_STAr</attrlabl><attalias Sync="TRUE">SHAPE_STAr</attalias><attrtype Sync="TRUE">Float</attrtype><attwidth Sync="TRUE">19</attwidth><atnumdec Sync="TRUE">11</atnumdec></attr><attr><attrlabl Sync="TRUE">SHAPE_STLe</attrlabl><attalias Sync="TRUE">SHAPE_STLe</attalias><attrtype Sync="TRUE">Float</attrtype><attwidth Sync="TRUE">19</attwidth><atnumdec Sync="TRUE">11</atnumdec></attr></detailed></eainfo><distinfo><distrib><cntinfo><cntorgp><cntorg>Alberta Environment and Parks, Government of Alberta</cntorg></cntorgp><cntpos>Provincial Wildlife Habitat Specialist</cntpos><cntaddr><addrtype>mailing and physical address</addrtype><address>2nd floor, Great West Life Building</address><address>9920 - 108 Street NW</address><city>Edmonton</city><state>Alberta</state><postal>T5K 2M4</postal><country>Canada</country></cntaddr><cntfax>7804229559</cntfax><hours>08:15 to 16:30 Monday to Friday</hours><cntvoice>7804223344</cntvoice><cntemail>Glenn.Mack@gov.ab.ca</cntemail></cntinfo></distrib><resdesc>Downloadable Data</resdesc><distliab>These materials are provided "as is" without warranties or conditions of any kind either expressed or implied. To the fullest extent possible under applicable law, the Government of Alberta disclaims all warranties and conditions, expressed or implied, including but not limited to, implied warranties or conditions of merchantability and fitness for a particular purpose, non-infringement or other violation of rights. The Crown in right of Alberta, the Minister and her employees and agents, shall not be liable for any claims, costs, losses, or damages, including any special, indirect, incidental or consequential loss or damage, which the user may incur or experience as a result of the use or possession of the information or associated storage media.</distliab><stdorder><digform><digtinfo><formname>ESRI Shapefile</formname><filedec>zip file</filedec><transize>1.195</transize><dssize Sync="TRUE">1.195</dssize></digtinfo><digtopt><onlinopt><computer><networka><networkr>https://extranet.gov.ab.ca/srd/geodiscover/srd_pub/LAT/FWDSensitivity/CaribouRange.zip</networkr></networka></computer></onlinopt></digtopt></digform></stdorder><techpreq>To utilize digital information, specialized graphics or GIS software (i.e.,  ArcInfo, ArcView, ArcGIS, or MicroStation) may be required.</techpreq></distinfo><metainfo><metd Sync="TRUE">20150611</metd><metc><cntinfo><cntorgp><cntorg>Alberta Environment and Parks, Government of Alberta</cntorg></cntorgp><cntpos>Provincial Wildlife Habitat Specialist</cntpos><cntaddr><addrtype>mailing and physical address</addrtype><address>2nd floor, Great West Life Building</address><address>9920 - 108 Street NW</address><city>Edmonton</city><state>Alberta</state><postal>T5K 2M4</postal><country>Canada</country></cntaddr><cntfax>7804229559</cntfax><hours>08:15 to 16:30 Monday to Friday</hours><cntinst>This is the point of contact regarding the creation of, and characteristics of, metadata for the data set. Queries about the creation and/or characteristics of the metadata submitted through facsimile or electronic mail must include the salutation "Attention: Provincial Wildlife Habitat Specialist; Dataset: Caribou Range". For Distribution Information contact instructions, refer to the Distribution Information section of this metadata record.</cntinst><cntvoice>7804223344</cntvoice><cntemail>Glenn.Mack@gov.ab.ca</cntemail></cntinfo></metc><metstdn Sync="TRUE">FGDC Content Standards for Digital Geospatial Metadata</metstdn><metstdv Sync="TRUE">FGDC-STD-001-1998</metstdv><mettc Sync="TRUE">local time</mettc><langmeta Sync="TRUE">en</langmeta><metextns><onlink Sync="TRUE">http://www.esri.com/metadata/esriprof80.html</onlink><metprof Sync="TRUE">ESRI Metadata Profile</metprof></metextns></metainfo><Esri><ModDate>20150611</ModDate><ModTime>10110100</ModTime><MetaID>{EA520E39-DA06-4552-A79E-963BA7CE5F5D}</MetaID><CreaDate>20130111</CreaDate><CreaTime>11512700</CreaTime><SyncOnce>FALSE</SyncOnce><SyncDate>20150611</SyncDate><SyncTime>10110100</SyncTime><PublishedDocID>{A4588C9B-3310-46D6-A37C-F2C6AB1B86A2}</PublishedDocID></Esri><distInfo><distributor><distorTran><onLineSrc><orDesc Sync="TRUE">002</orDesc></onLineSrc></distorTran></distributor></distInfo></metadata>
