<metadata><idinfo><citation><citeinfo><origin>Alberta Environment and Parks, Government of Alberta</origin><pubdate>2015</pubdate><title>Eastern Short-Horned Lizard Range</title><geoform Sync="TRUE">vector digital data</geoform><othercit>Policy and Planning Division</othercit><onlink>https://extranet.gov.ab.ca/srd/geodiscover/srd_pub/LAT/FWDSensitivity/EasternShort-hornedLizardRange.zip</onlink><pubinfo><pubplace>Edmonton, Alberta</pubplace><publish>Alberta Environment and Parks, Government of Alberta</publish></pubinfo><ftname Sync="TRUE">Eastern_Short_horned_Lizard_Range</ftname></citeinfo></citation><descript><abstract>This dataset is produced for the Government of Alberta and is available to the general public. Note that the distribution contact is different for the general public than for Government of Alberta ministries. Please consult the Distribution Information of this metadata for the appropriate contact to acquire this dataset. 
Eastern Short-Horned Lizard (Phrynosoma douglassii brevirostre) range dataset.  A smoothed minimum convex polygon (MCP) was used to delineate a range based on observations from relevant databases in Alberta. Additional considerations were used to further filter range boundaries after observation data were plotted. Historical/extirpated observations were removed; bio- and geophysical restrictions to species patterns (e.g., rivers, elevation, ecoregions) were used to refine ranges as appropriate, and species experts reviewed maps and provided additional insight. Habitat Suitability Indices and Resource Selection Functions further refined the boundary. Once an MCP was adequately modified, its border was smoothed.  Eastern Short-Horned Lizard range was based upon 10 years of FWMIS observation data records.</abstract><purpose>To provide industrial operators and government departments information regarding the location of Eastern Short-Horned Lizard range for the application of appropriate wildlife surveys. Specific operating conditions may apply upon the results of wildlife surveys.</purpose><supplinf>Eastern Short-Horned Lizard Range distributions have been endorsed by Alberta Environment and Parks, Government of Alberta.</supplinf><langdata Sync="TRUE">en</langdata></descript><timeperd><timeinfo><sngdate><caldate>2015</caldate></sngdate></timeinfo><current>publication date</current></timeperd><status><progress>Complete</progress><update>None planned</update></status><spdom><bounding><westbc Sync="TRUE">-111.775965</westbc><eastbc Sync="TRUE">-110.048750</eastbc><northbc Sync="TRUE">50.250379</northbc><southbc Sync="TRUE">48.977644</southbc></bounding><lboundng><leftbc Sync="TRUE">735542.956900</leftbc><rightbc Sync="TRUE">853207.221700</rightbc><bottombc Sync="TRUE">5434043.160200</bottombc><topbc Sync="TRUE">5569468.629700</topbc></lboundng></spdom><keywords><theme><themekt>ISO 19115 Topic Category</themekt><themekey>biota</themekey><themekey>planningCadastre</themekey><themekey>environment</themekey></theme><theme><themekt>none</themekt><themekey>Eastern Short-Horned Lizard</themekey><themekey>Phrynosoma douglassii brevirostre</themekey></theme></keywords><accconst>For general public use.</accconst><useconst>This material has been provided with the intent that it be readily available for personal and public non-commercial (educational) use and except where otherwise prohibited, may be reproduced, in part or in whole and by any means, without charge or further permission from the Fish and Wildlife Policy Branch. We only ask that: The materials not be modified, users exercise due diligence in ensuring the accuracy of the materials, the Government of Alberta be identified as the source of the materials, the reproduction is not represented as an official version of the materials reproduced, nor as having been made in affiliation with or with the endorsement of the Government of Alberta, reproduction of multiple copies of materials, in whole or in part, for the purposes of commercial distribution is prohibited, except with written permission from the Fish and Wildlife Policy Branch. To obtain permission to reproduce materials on this site for commercial purposes, please contact the Fish and Wildlife Policy Branch.</useconst><ptcontac><cntinfo><cntorgp><cntorg>Alberta Environment and Parks, Government of Alberta</cntorg></cntorgp><cntpos>Provincial Wildlife Habitat Specialist</cntpos><cntaddr><addrtype>mailing and physical address</addrtype><address>2nd floor, Great West Life Building</address><address>9920 - 108 Street NW</address><city>Edmonton</city><state>Alberta</state><postal>T5K 2M4</postal><country>Canada</country></cntaddr><cntfax>7804229559</cntfax><hours>08:15 to 16:30 Monday to Friday</hours><cntinst>This is the point of contact regarding the creation of, and characteristics of, the data set. Queries about the creation and/or characteristics of the data set submitted through facsimile or electronic mail must include the salutation "Attention: Provincial Wildlife Habitat Specialist; Dataset: Eastern Short-Horned Lizard Range". For Distribution Information contact instructions, refer to the Distribution Information section of this metadata record. For Metadata Information contact instructions, refer to the Metadata Reference Information section of this metadata record.</cntinst><cntvoice>7804223344</cntvoice><cntemail>Glenn.Mack@gov.ab.ca</cntemail></cntinfo></ptcontac><secinfo><secsys>Government of Alberta Security Classification Guidelines</secsys><secclass>Protected</secclass></secinfo><native Sync="TRUE">Microsoft Windows Vista Version 6.1 (Build 7601) Service Pack 1; ESRI ArcCatalog 9.3.1.4000</native><natvform Sync="TRUE">Shapefile</natvform></idinfo><dataqual><lineage><procstep><procdesc>In January of 2015. Shapefiles originating from the Fish and Wildlife Habitat Policy Section were used to extend the boundaries of the Eastern Short-Horned Lizard range.</procdesc><proccont><cntinfo><cntpos>Provincial Wildlife Habitat Specialist</cntpos><cntfax>7804229559</cntfax><hours>08:15 to 16:20 Monday to Friday</hours><cntaddr><address>2nd floor, Great West Life Building</address><addrtype>mailing and physical address</addrtype><address>9920-108 Street NW</address><city>Edmonton</city><state>Alberta</state><postal>T5K 2M4</postal><country>Canada</country></cntaddr><cntinst>This is the point of contact regarding this process step in the creation of the data set. Queries about this process step submitted through facsimile or electronic mail must include the salutation "Attention: Provincial Wildlife Habitat Specialist; Dataset: Eastern Short-Horned Lizard Range". For Distribution Information contact instructions, refer to the Distribution Information section of this metadata record. For Metadata Information contact instructions, refer to the Metadata Reference Information section of this metadata record.</cntinst><cntorgp><cntorg>Alberta Environment and Parks, Government of Alberta</cntorg></cntorgp><cntvoice>7804223344</cntvoice><cntemail>Glenn.Mack@gov.ab.ca</cntemail></cntinfo></proccont><procdate>20150128</procdate></procstep></lineage></dataqual><spdoinfo><direct Sync="TRUE">Vector</direct><ptvctinf><sdtsterm Name="Eastern_Short_horned_Lizard_Range"><sdtstype Sync="TRUE">G-polygon</sdtstype><ptvctcnt Sync="TRUE">5</ptvctcnt></sdtsterm><esriterm Name="Eastern_Short_horned_Lizard_Range"><efeatyp Sync="TRUE">Simple</efeatyp><efeageom Sync="TRUE">Polygon</efeageom><esritopo Sync="TRUE">FALSE</esritopo><efeacnt Sync="TRUE">5</efeacnt><spindex Sync="TRUE">FALSE</spindex><linrefer Sync="TRUE">FALSE</linrefer></esriterm></ptvctinf></spdoinfo><spref><horizsys><planar><planci><plance Sync="TRUE">coordinate pair</plance><coordrep><absres Sync="TRUE">0.000000</absres><ordres Sync="TRUE">0.000000</ordres></coordrep><plandu Sync="TRUE">meters</plandu></planci><mapproj><mapprojn Sync="TRUE">Transverse Mercator</mapprojn><transmer><sfctrmer Sync="TRUE">0.999200</sfctrmer><longcm Sync="TRUE">-115.000000</longcm><latprjo Sync="TRUE">0.000000</latprjo><feast Sync="TRUE">500000.000000</feast><fnorth Sync="TRUE">0.000000</fnorth></transmer></mapproj></planar><geodetic><horizdn Sync="TRUE">North American Datum of 1983</horizdn><ellips Sync="TRUE">Geodetic Reference System 80</ellips><semiaxis Sync="TRUE">6378137.000000</semiaxis><denflat Sync="TRUE">298.257222</denflat></geodetic><cordsysn><geogcsn Sync="TRUE">GCS_North_American_1983</geogcsn><projcsn Sync="TRUE">NAD_1983_10TM_AEP_Forest</projcsn></cordsysn></horizsys><vertdef><altsys><altres Sync="TRUE">1.000000</altres><altenc Sync="TRUE">Explicit elevation coordinate included with horizontal coordinates</altenc></altsys></vertdef></spref><eainfo><detailed Name="Eastern_Short_horned_Lizard_Range"><enttyp><enttypl>SensitiveSpecies.GDB.EAST_SHRT_HRN_LZRD_POLYGON</enttypl><enttypd>Eastern Short-Horned Lizard Range</enttypd><enttypds>Alberta Environment and Parks, Government of Alberta</enttypds><enttypt Sync="TRUE">Feature Class</enttypt><enttypc Sync="TRUE">5</enttypc></enttyp><attr><attrlabl Sync="TRUE">SHAPE_STAr</attrlabl><attalias Sync="TRUE">FID</attalias><attrtype Sync="TRUE">Float</attrtype><attwidth Sync="TRUE">19</attwidth><attrdef Sync="TRUE">Internal feature number.</attrdef><attrdefs Sync="TRUE">ESRI</attrdefs><attrdomv><udom Sync="TRUE">Sequential unique whole numbers that are automatically generated.</udom></attrdomv><atnumdec Sync="TRUE">11</atnumdec></attr><attr><attrlabl Sync="TRUE">SHAPE_STLe</attrlabl><attalias Sync="TRUE">SHAPE_STLe</attalias><attrtype Sync="TRUE">Float</attrtype><attwidth Sync="TRUE">19</attwidth><attrdef Sync="TRUE">Internal feature number.</attrdef><attrdefs Sync="TRUE">ESRI</attrdefs><attrdomv><udom Sync="TRUE">Sequential unique whole numbers that are automatically generated.</udom></attrdomv><atnumdec Sync="TRUE">11</atnumdec></attr><attr><attrlabl>ACRES10TM</attrlabl><attrdef>Area of the feature in Acres as defined by a 10TM projection.</attrdef><attrdefs>ESRI</attrdefs><attalias Sync="TRUE">ACRES10TM</attalias><attrtype Sync="TRUE">Number</attrtype><attwidth Sync="TRUE">19</attwidth><attrdomv><udom Sync="TRUE">Sequential unique whole numbers that are automatically generated.</udom></attrdomv><atnumdec Sync="TRUE">8</atnumdec></attr><attr><attrlabl>RANGE</attrlabl><attrdef>Name of the species whose range is defined</attrdef><attrdefs>Fish and Wildlife</attrdefs><attrdomv><edom><edomv>Eastern Short-Horned Lizard</edomv></edom></attrdomv><attalias Sync="TRUE">RANGE</attalias><attrtype Sync="TRUE">String</attrtype><attwidth Sync="TRUE">50</attwidth></attr><attr><attrlabl>PERIM10TM</attrlabl><attrdef>Perimeter of the feature in metres as defined by a 10TM projection.</attrdef><attrdefs>ESRI</attrdefs><attalias Sync="TRUE">PERIM10TM</attalias><attrtype Sync="TRUE">Number</attrtype><attwidth Sync="TRUE">19</attwidth><atnumdec Sync="TRUE">8</atnumdec></attr><attr><attrlabl>AREA10TM</attrlabl><attrdef>Area of the feature in metres as defined by a 10TM projection.</attrdef><attrdefs>ESRI</attrdefs><attalias Sync="TRUE">AREA10TM</attalias><attrtype Sync="TRUE">Number</attrtype><attwidth Sync="TRUE">19</attwidth><atnumdec Sync="TRUE">8</atnumdec></attr><attr><attrlabl>HA10TM</attrlabl><attrdef>Area of the feature in Hectares as defined by a 10TM projection.</attrdef><attrdefs>ESRI</attrdefs><attalias Sync="TRUE">HA10TM</attalias><attrtype Sync="TRUE">Number</attrtype><attwidth Sync="TRUE">19</attwidth><atnumdec Sync="TRUE">8</atnumdec></attr><attr><attrlabl>Shape</attrlabl><attrdef>Feature geometry.</attrdef><attrdefs>ESRI</attrdefs><attrdomv><udom>Coordinates defining the features.</udom></attrdomv><attalias Sync="TRUE">Shape</attalias><attrtype Sync="TRUE">Geometry</attrtype><attwidth Sync="TRUE">0</attwidth><atprecis Sync="TRUE">0</atprecis><attscale Sync="TRUE">0</attscale></attr><attr><attrlabl>SHAPE</attrlabl><attrdef>Feature geometry.</attrdef><attrdefs>ESRI</attrdefs><attrdomv><udom>Coordinates defining the features.</udom></attrdomv><attalias Sync="TRUE">SHAPE_STAr</attalias><attrtype Sync="TRUE">Double</attrtype><attwidth Sync="TRUE">19</attwidth><atprecis Sync="TRUE">0</atprecis><attscale Sync="TRUE">0</attscale></attr></detailed></eainfo><distinfo><distrib><cntinfo><cntorgp><cntorg>Alberta Environment and Parks, Government of Alberta</cntorg></cntorgp><cntpos>Provincial Wildlife Habitat Specialist</cntpos><cntaddr><addrtype>mailing and physical address</addrtype><address>2nd floor, Great West Life Building</address><address>9920 - 108 Street NW</address><city>Edmonton</city><state>Alberta</state><postal>T5K 2M4</postal><country>Canada</country></cntaddr><cntfax>7804229559</cntfax><hours>08:15 to 16:30 Monday to Friday</hours><cntvoice>7804223344</cntvoice><cntemail>Glenn.Mack@gov.ab.ca</cntemail></cntinfo></distrib><resdesc>Downloadable Data</resdesc><distliab>These materials are provided "as is" without warranties or conditions of any kind either expressed or implied. To the fullest extent possible under applicable law, the Government of Alberta disclaims all warranties and conditions, expressed or implied, including but not limited to, implied warranties or conditions of merchantability and fitness for a particular purpose, non-infringement or other violation of rights. The Crown in right of Alberta, the Minister and her employees and agents, shall not be liable for any claims, costs, losses, or damages, including any special, indirect, incidental or consequential loss or damage, which the user may incur or experience as a result of the use or possession of the information or associated storage media.</distliab><stdorder><digform><digtinfo><formname>ESRI Shapefile</formname><filedec>zip file</filedec><transize>1.195</transize><dssize Sync="TRUE">0.005</dssize></digtinfo><digtopt><onlinopt><computer><networka><networkr>https://extranet.gov.ab.ca/srd/geodiscover/srd_pub/LAT/FWDSensitivity/EasternShort-hornedLizardRange.zip</networkr></networka></computer></onlinopt></digtopt></digform></stdorder><techpreq>To utilize digital information, specialized graphics or GIS software (i.e., ArcInfo, ArcView, ArcGIS, or MicroStation) may be required.</techpreq></distinfo><metainfo><metd Sync="TRUE">20150611</metd><metc><cntinfo><cntorgp><cntorg>Alberta Environment and Parks, Government of Alberta</cntorg></cntorgp><cntpos>Provincial Wildlife Habitat Specialist</cntpos><cntaddr><addrtype>mailing and physical address</addrtype><address>2nd floor, Great West Life Building</address><address>9920 - 108 Street NW</address><city>Edmonton</city><state>Alberta</state><postal>T5K 2M4</postal><country>Canada</country></cntaddr><cntfax>7804229559</cntfax><hours>08:15 to 16:30 Monday to Friday</hours><cntinst>This is the point of contact regarding the creation of, and characteristics of, metadata for the data set. Queries about the creation and/or characteristics of the metadata submitted through facsimile or electronic mail must include the salutation "Attention: Provincial Wildlife Habitat Specialist; Dataset: Eastern Short-Horned Lizard Range". For Distribution Information contact instructions, refer to the Distribution Information section of this metadata record.</cntinst><cntvoice>7804223344</cntvoice><cntemail>Glenn.Mack@gov.ab.ca</cntemail></cntinfo></metc><metstdn Sync="TRUE">FGDC Content Standards for Digital Geospatial Metadata</metstdn><metstdv Sync="TRUE">FGDC-STD-001-1998</metstdv><mettc Sync="TRUE">local time</mettc><langmeta Sync="TRUE">en</langmeta><metextns><onlink Sync="TRUE">http://www.esri.com/metadata/esriprof80.html</onlink><metprof Sync="TRUE">ESRI Metadata Profile</metprof></metextns></metainfo><Esri><ModDate>20150611</ModDate><ModTime>10371700</ModTime><MetaID>{F8ECACCE-291A-4A71-B725-A86EA291CED9}</MetaID><CreaDate>20130111</CreaDate><CreaTime>11460300</CreaTime><SyncOnce>FALSE</SyncOnce><SyncDate>20150611</SyncDate><SyncTime>10371700</SyncTime><PublishedDocID>{32200DB7-A2B9-4113-9090-9455C85F4389}</PublishedDocID></Esri><distInfo><distributor><distorTran><onLineSrc><orDesc Sync="TRUE">002</orDesc></onLineSrc></distorTran></distributor></distInfo></metadata>
